user_prompt,sql_query
"What was the profit last quarter?","SELECT SUM(profit) FROM sales WHERE quarter = 'Q2 2024';"
"Can you tell me the gain from last quarter?","SELECT SUM(profit) FROM sales WHERE quarter = 'Q2 2024';"
"When are sales typically high?","SELECT date FROM daily_sales WHERE sales = (SELECT MAX(sales) FROM daily_sales);"
"Which day had the highest sales?","SELECT date FROM daily_sales WHERE sales = (SELECT MAX(sales) FROM daily_sales);"
"What is the total revenue for this month?","SELECT SUM(revenue) FROM sales WHERE MONTH(date) = MONTH(CURRENT_DATE()) AND YEAR(date) = YEAR(CURRENT_DATE());"
"Show me the sales figures for last week.","SELECT date, sales FROM daily_sales WHERE date >= CURDATE() - INTERVAL 7 DAY;"
"How many units were sold on the highest sales day?","SELECT MAX(units_sold) FROM daily_sales;"
"List all products that had sales above $1000 last month.","SELECT product_id FROM sales WHERE amount > 1000 AND MONTH(date) = MONTH(CURRENT_DATE() - INTERVAL 1 MONTH);"
"What were the average sales for each product last quarter?","SELECT product_id, AVG(sales) FROM sales WHERE quarter = 'Q2 2024' GROUP BY product_id;"
"Which customer spent the most last year?","SELECT customer_id, SUM(amount) AS total_spent FROM sales WHERE YEAR(date) = YEAR(CURRENT_DATE() - INTERVAL 1 YEAR) GROUP BY customer_id ORDER BY total_spent DESC LIMIT 1;"
"What was the profit margin for the last quarter?","SELECT (SUM(profit) / SUM(revenue)) * 100 AS profit_margin FROM sales WHERE quarter = 'Q2 2024';"
"Can you tell me the earnings from last quarter?","SELECT SUM(profit) FROM sales WHERE quarter = 'Q2 2024';"
"Which day recorded the maximum sales?","SELECT date FROM daily_sales WHERE sales = (SELECT MAX(sales) FROM daily_sales);"
"On which day did we see the highest sales?","SELECT date FROM daily_sales WHERE sales = (SELECT MAX(sales) FROM daily_sales);"
"What are the sales figures for the last seven days?","SELECT date, sales FROM daily_sales WHERE date >= CURDATE() - INTERVAL 7 DAY;"
"What is the total amount sold this month?","SELECT SUM(amount) FROM sales WHERE MONTH(date) = MONTH(CURRENT_DATE()) AND YEAR(date) = YEAR(CURRENT_DATE());"
"Which products had the highest revenue last quarter?","SELECT product_id FROM sales WHERE quarter = 'Q2 2024' ORDER BY revenue DESC LIMIT 5;"
"Can you show me the sales data for the previous week?","SELECT date, sales FROM daily_sales WHERE date >= CURDATE() - INTERVAL 7 DAY;"
"How much profit was made on the best-selling product last month?","SELECT SUM(profit) FROM sales WHERE product_id = (SELECT product_id FROM sales GROUP BY product_id ORDER BY SUM(sales) DESC LIMIT 1) AND MONTH(date) = MONTH(CURRENT_DATE() - INTERVAL 1 MONTH);"
"Which day had the least sales last week?","SELECT date FROM daily_sales WHERE date >= CURDATE() - INTERVAL 7 DAY ORDER BY sales ASC LIMIT 1;"
"Show me the total sales for each product last quarter.","SELECT product_id, SUM(sales) FROM sales WHERE quarter = 'Q2 2024' GROUP BY product_id;"